day,time,url,content
2023-09-01,17:57:47,https://memos.chensoul.cc/m/1 ,#待办/2023  2023年待办清单
2024-01-07,00:27:59,https://memos.chensoul.cc/m/100 ,#周报/2024 周报2｜2023-12-25 ~ 2023-12-31
2024-01-07,00:24:58,https://memos.chensoul.cc/m/99 ,#日记/2024/1 2024年01月07日
2024-01-06,00:24:29,https://memos.chensoul.cc/m/98 ,#日记/2024/1 2024年01月06日
2023-12-30,00:26:47,https://memos.chensoul.cc/m/97 ,#日记/2023/12 2023年12月30日
2023-12-29,00:25:14,https://memos.chensoul.cc/m/96 ,#日记/2023/12 2023年12月29日
2023-12-28,00:25:13,https://memos.chensoul.cc/m/95 ,#日记/2023/12 2023年12月28日
2023-12-27,00:25:22,https://memos.chensoul.cc/m/94 ,#日记/2023/12 2023年12月27日
2023-12-26,00:25:50,https://memos.chensoul.cc/m/93 ,#日记/2023/12 2023年12月26日
2023-12-25,00:24:22,https://memos.chensoul.cc/m/92 ,#日记/2023/12 2023年12月25日
2023-12-24,00:27:51,https://memos.chensoul.cc/m/91 ,#周报/2023 周报52｜2023-12-11 ~ 2023-12-17
2023-12-24,00:25:04,https://memos.chensoul.cc/m/90 ,#日记/2023/12 2023年12月24日
2023-12-23,00:24:56,https://memos.chensoul.cc/m/89 ,#日记/2023/12 2023年12月23日
2023-12-22,00:25:47,https://memos.chensoul.cc/m/88 ,#日记/2023/12 2023年12月22日
2023-12-21,00:24:47,https://memos.chensoul.cc/m/87 ,#日记/2023/12 2023年12月21日
2023-12-20,00:22:49,https://memos.chensoul.cc/m/86 ,#日记/2023/12 2023年12月20日
2023-12-19,00:26:20,https://memos.chensoul.cc/m/85 ,#日记/2023/12 2023年12月19日
2023-12-18,00:24:18,https://memos.chensoul.cc/m/84 ,#日记/2023/12 2023年12月18日
2023-12-17,00:27:24,https://memos.chensoul.cc/m/83 ,#周报/2023 周报51｜2023-12-04 ~ 2023-12-10
2023-12-17,00:24:32,https://memos.chensoul.cc/m/82 ,#日记/2023/12 2023年12月17日
2023-12-16,00:26:54,https://memos.chensoul.cc/m/81 ,#日记/2023/12 2023年12月16日
2023-12-15,00:22:24,https://memos.chensoul.cc/m/80 ,#日记/2023/12 2023年12月15日
2023-12-14,00:25:48,https://memos.chensoul.cc/m/79 ,#日记/2023/12 2023年12月14日
2023-12-13,00:26:09,https://memos.chensoul.cc/m/78 ,#日记/2023/12 2023年12月13日
2023-12-12,00:27:53,https://memos.chensoul.cc/m/77 ,#日记/2023/12 2023年12月12日
2023-12-11,00:24:18,https://memos.chensoul.cc/m/76 ,#日记/2023/12 2023年12月11日
2023-12-10,00:27:28,https://memos.chensoul.cc/m/75 ,#周报/2023 周报50｜2023-11-27 ~ 2023-12-03
2023-12-10,00:24:23,https://memos.chensoul.cc/m/74 ,#日记/2023/12 2023年12月10日
2023-12-09,00:26:13,https://memos.chensoul.cc/m/73 ,#日记/2023/12 2023年12月09日
2023-12-08,00:27:21,https://memos.chensoul.cc/m/72 ,#日记/2023/12 2023年12月08日
2023-12-07,00:27:50,https://memos.chensoul.cc/m/71 ,#日记/2023/12 2023年12月07日
2023-12-06,00:27:45,https://memos.chensoul.cc/m/70 ,#日记/2023/12 2023年12月06日
2023-12-05,00:27:24,https://memos.chensoul.cc/m/69 ,#日记/2023/12 2023年12月05日
2023-12-04,00:24:11,https://memos.chensoul.cc/m/68 ,#日记/2023/12 2023年12月04日
2023-12-03,00:27:29,https://memos.chensoul.cc/m/67 ,#周报/2023 周报49｜2023-11-20 ~ 2023-11-26
2023-12-03,00:23:45,https://memos.chensoul.cc/m/66 ,#日记/2023/12 2023年12月03日
2023-12-02,00:26:03,https://memos.chensoul.cc/m/65 ,#日记/2023/12 2023年12月02日
2023-12-01,00:27:49,https://memos.chensoul.cc/m/64 ,#日记/2023/12 2023年12月01日
2023-11-30,00:27:40,https://memos.chensoul.cc/m/63 ,#日记/2023/11 2023年11月30日
2023-11-29,00:27:22,https://memos.chensoul.cc/m/62 ,#日记/2023/11 2023年11月29日
2023-11-28,00:27:27,https://memos.chensoul.cc/m/61 ,#日记/2023/11 2023年11月28日
2023-11-27,00:23:56,https://memos.chensoul.cc/m/60 ,#日记/2023/11 2023年11月27日
2023-11-26,00:27:23,https://memos.chensoul.cc/m/59 ,#周报/2023 周报48｜2023-11-13 ~ 2023-11-19
2023-11-26,00:23:45,https://memos.chensoul.cc/m/58 ,#日记/2023/11 2023年11月26日
2023-11-25,00:25:48,https://memos.chensoul.cc/m/57 ,#日记/2023/11 2023年11月25日
2023-11-24,00:25:56,https://memos.chensoul.cc/m/56 ,#日记/2023/11 2023年11月24日
2023-11-23,00:26:57,https://memos.chensoul.cc/m/55 ,#日记/2023/11 2023年11月23日
2023-11-22,00:27:59,https://memos.chensoul.cc/m/54 ,#日记/2023/11 2023年11月22日
2023-11-21,00:28:06,https://memos.chensoul.cc/m/53 ,#日记/2023/11 2023年11月21日
2023-11-20,00:24:04,https://memos.chensoul.cc/m/52 ,#日记/2023/11 2023年11月20日
2023-11-19,00:27:14,https://memos.chensoul.cc/m/51 ,#周报/2023 周报47｜2023-11-06 ~ 2023-11-12
2023-11-19,00:24:11,https://memos.chensoul.cc/m/50 ,#日记/2023/11 2023年11月19日
2023-11-18,00:29:16,https://memos.chensoul.cc/m/49 ,#日记/2023/11 2023年11月18日
2023-11-17,00:27:39,https://memos.chensoul.cc/m/48 ,#日记/2023/11 2023年11月17日
2023-11-16,00:27:11,https://memos.chensoul.cc/m/47 ,#日记/2023/11 2023年11月16日
2023-11-15,00:21:58,https://memos.chensoul.cc/m/46 ,#日记/2023/11 2023年11月15日
2023-11-14,00:26:16,https://memos.chensoul.cc/m/45 ,#日记/2023/11 2023年11月14日
2023-11-13,00:23:27,https://memos.chensoul.cc/m/44 ,#日记/2023/11 2023年11月13日
2023-11-12,00:26:41,https://memos.chensoul.cc/m/43 ,#周报/2023 周报46｜2023-10-30 ~ 2023-11-05
2023-11-12,00:23:36,https://memos.chensoul.cc/m/42 ,#日记/2023/11 2023年11月12日
2023-11-11,00:25:29,https://memos.chensoul.cc/m/41 ,#日记/2023/11 2023年11月11日
2023-11-10,00:25:48,https://memos.chensoul.cc/m/38 ,#日记/2023/11 2023年11月10日
2023-11-09,10:26:44,https://memos.chensoul.cc/m/37 ,#日记/2023/11 2023年11月09日
2023-11-09,09:02:00,https://memos.chensoul.cc/m/36 ,#能断金刚/六时书  记六时书自我审视的十大美德
2023-11-09,08:54:23,https://memos.chensoul.cc/m/35 ,#能断金刚/六时书
2023-11-09,08:43:01,https://memos.chensoul.cc/m/34 ,#能断金刚/种子 
2023-11-09,08:41:33,https://memos.chensoul.cc/m/33 ,#能断金刚/种子 
2023-11-09,08:40:13,https://memos.chensoul.cc/m/32 ,#能断金刚/种子
2023-11-09,08:38:29,https://memos.chensoul.cc/m/31 ,#能断金刚/星巴克四步骤
2023-11-09,08:37:04,https://memos.chensoul.cc/m/30 ,#能断金刚/种子
2023-11-09,08:32:35,https://memos.chensoul.cc/m/29 ,#能断金刚/笔的故事
2023-11-09,08:30:29,https://memos.chensoul.cc/m/28 ,#能断金刚/感恩 
2023-11-09,08:27:40,https://memos.chensoul.cc/m/27 ,#能断金刚/感恩
2023-11-09,08:26:19,https://memos.chensoul.cc/m/26 ,#能断金刚/宝鬘论
2023-11-09,08:25:28,https://memos.chensoul.cc/m/25 ,#能断金刚/零极限
2023-11-09,08:19:29,https://memos.chensoul.cc/m/24 ,#能断金刚/父母规
2023-11-08,18:36:46,https://memos.chensoul.cc/m/20 ,#日志/2023/11 日报｜2023-11-08
2023-11-07,17:18:12,https://memos.chensoul.cc/m/19 ,#日记/2023/11 2023年11月07日
2023-10-24,17:15:41,https://memos.chensoul.cc/m/18 ,#日记/2023/10 2023年10月24日
2023-10-18,18:05:25,https://memos.chensoul.cc/m/17 ,#日记/2023/10 2023年10月18日
2023-10-18,16:19:23,https://memos.chensoul.cc/m/15 ,#典故
2023-10-18,01:50:29,https://memos.chensoul.cc/m/14 ,#日记/2023/10 2023年10月17日
2023-10-10,23:41:17,https://memos.chensoul.cc/m/10 ,#日记/2023/10 2023年10月10日
2023-10-08,22:48:17,https://memos.chensoul.cc/m/7 ,#日记/2023/10 2023年10月08日
2023-09-22,17:00:44,https://memos.chensoul.cc/m/3 ,#日记/2023/09 2023年09月22日
2023-09-07,07:57:44,https://memos.chensoul.cc/m/2 ,#日记/2023/09 2023年09月06日
